Localidade;Variável;2014;2015;2016;2017;2018;2019;2020;2021;2022;2023;2024
Abadia de Goiás;Financiamentos à Pecuária - Custeio - Valor (R$);330.195,67;726.987,76;566.675,99;625.422,82;682.545,53;887.641,14;1.304.629;2.409.683;3.396.983;0;3.101.003
Abadiânia;Financiamentos à Pecuária - Custeio - Valor (R$);8.037.554,05;10.224.774,03;8.207.670,93;5.867.364,20;12.149.754,18;4.823.481,46;7.001.505;13.228.345;14.931.771;1.247.010;10.357.766
Acreúna;Financiamentos à Pecuária - Custeio - Valor (R$);14.383.002,58;13.631.427,66;7.261.516,43;6.932.883,38;8.259.436,29;7.065.726,58;6.453.869;6.836.953;14.942.521;4.326.823;8.627.573
Adelândia;Financiamentos à Pecuária - Custeio - Valor (R$);2.602.870,67;2.437.096,08;1.676.603,53;1.438.599,15;2.389.589,90;2.218.052,03;3.459.716;4.529.872;10.477.717;1.956.258;9.923.722
Água Fria de Goiás;Financiamentos à Pecuária - Custeio - Valor (R$);2.488.538,70;3.674.710,53;1.416.654,80;874.106,93;9.283.948,96;4.196.060,34;5.588.390;1.512.845;5.446.464;2.065.800;9.611.876
Água Limpa;Financiamentos à Pecuária - Custeio - Valor (R$);6.230.670,51;6.545.564,97;6.902.699,44;6.512.622,13;6.918.863,78;9.057.960,49;10.561.636;12.179.950;11.971.855;7.063.437;25.725.169
Águas Lindas de Goiás;Financiamentos à Pecuária - Custeio - Valor (R$);19.526,40;19.526,40;186.639,31;639.760,35;17.315,13;240.000,00;-;-;-;-;496.440
Alexânia;Financiamentos à Pecuária - Custeio - Valor (R$);3.911.909,02;3.802.564,57;4.398.177,42;5.505.638,98;5.542.004,81;3.422.205,42;4.892.776;11.095.078;18.885.971;1.554.520;10.043.363
Aloândia;Financiamentos à Pecuária - Custeio - Valor (R$);1.654.575,26;1.544.892,14;2.291.292,82;1.743.459,16;3.403.865,33;2.423.760,94;2.283.361;7.554.189;5.328.966;4.585.950;5.615.039
Alto Horizonte;Financiamentos à Pecuária - Custeio - Valor (R$);5.701.834,54;4.462.831,07;6.526.401,07;4.785.263,38;6.292.594,86;6.222.370,20;6.960.098;4.740.519;9.301.153;2.735.416;14.007.676
Alto Paraíso de Goiás;Financiamentos à Pecuária - Custeio - Valor (R$);4.955.360,80;1.567.599,52;3.108.927,07;3.150.460,23;4.828.289,14;3.029.624,69;1.617.169;1.078.852;2.208.344;797.000;1.508.568
Alvorada do Norte;Financiamentos à Pecuária - Custeio - Valor (R$);2.543.073,33;1.374.137,63;4.081.043,04;3.192.671,76;5.140.749,59;5.506.015,57;6.791.533;10.334.351;12.073.425;1.902.307;20.773.469
Amaralina;Financiamentos à Pecuária - Custeio - Valor (R$);6.413.959,98;7.980.277,14;10.914.654,11;7.244.227,45;16.925.056,07;10.676.003,63;15.936.350;21.936.593;46.353.870;11.230.178;68.121.200
Americano do Brasil;Financiamentos à Pecuária - Custeio - Valor (R$);1.359.364,62;1.420.529,70;1.376.607,86;1.320.392,39;1.706.536,71;1.618.583,02;5.359.034;3.021.210;8.462.656;104.000;15.153.760
Amorinópolis;Financiamentos à Pecuária - Custeio - Valor (R$);4.871.583,18;3.173.215,06;3.560.320,95;8.248.271,81;7.345.070,26;9.870.930,17;8.406.617;11.568.284;14.595.159;8.665.760;23.898.658
Anápolis;Financiamentos à Pecuária - Custeio - Valor (R$);15.873.995,34;14.978.232,07;9.002.389,72;8.529.228,85;9.457.391,65;6.351.028,63;8.061.063;16.120.608;17.858.228;1.220.000;14.484.022
Anhanguera;Financiamentos à Pecuária - Custeio - Valor (R$);861.562,05;927.422,20;1.230.854,38;1.027.649,33;1.183.219,90;2.118.776,40;1.827.531;1.217.253;2.163.896;60.000;2.279.255
Anicuns;Financiamentos à Pecuária - Custeio - Valor (R$);25.359.530,38;27.988.670,69;25.888.771,38;15.027.237,60;19.299.786,80;21.921.871,40;26.774.062;39.492.428;48.277.800;14.243.795;52.678.108
Aparecida de Goiânia;Financiamentos à Pecuária - Custeio - Valor (R$);240.605,89;38.385,96;190.011,22;50.417,33;79.292,06;141.327,62;106.222;135.144;59.109;0;191.741
Aparecida do Rio Doce;Financiamentos à Pecuária - Custeio - Valor (R$);13.981.023,59;22.533.811,91;26.710.527,12;10.603.394,98;16.059.740,03;21.276.151,79;25.048.598;38.619.161;24.779.033;13.677.960;53.776.283
Aporé;Financiamentos à Pecuária - Custeio - Valor (R$);20.519.383,05;23.657.759,95;30.174.161,11;31.559.303,83;29.834.173,38;38.926.731,41;40.789.740;30.066.204;38.108.849;16.104.272;36.182.746
Araçu;Financiamentos à Pecuária - Custeio - Valor (R$);2.563.416,70;1.903.963,64;2.022.191,94;3.929.391,28;3.627.825,59;1.358.417,46;4.218.518;2.994.679;3.049.519;967.355;6.502.007
Aragarças;Financiamentos à Pecuária - Custeio - Valor (R$);2.840.097,65;1.976.558,40;1.684.816,48;3.681.854,65;7.550.775,22;6.401.524,93;4.772.181;5.125.079;6.085.305;1.510.000;5.049.382
Aragoiânia;Financiamentos à Pecuária - Custeio - Valor (R$);1.459.819,81;2.754.798,92;3.346.100,35;3.055.327,54;2.599.327,86;1.838.456,10;1.775.432;4.013.787;4.553.716;885.563;7.471.430
Araguapaz;Financiamentos à Pecuária - Custeio - Valor (R$);15.866.376,00;17.256.252,27;15.991.055,78;22.648.923,14;23.062.984,04;35.293.787,37;43.731.692;78.059.815;83.433.171;26.567.759;121.649.541
Arenópolis;Financiamentos à Pecuária - Custeio - Valor (R$);11.522.553,79;10.991.847,91;13.338.757,93;19.349.967,59;22.787.787,22;29.330.216,25;34.997.372;56.401.136;68.479.073;21.947.048;71.379.580
Aruanã;Financiamentos à Pecuária - Custeio - Valor (R$);26.852.726,86;24.807.332,85;27.782.726,23;62.416.832,09;3.219.087,04;28.266.920,69;46.669.937;66.154.736;129.173.326;44.494.615;58.952.956
Aurilândia;Financiamentos à Pecuária - Custeio - Valor (R$);7.294.864,49;8.422.864,11;8.935.646,90;11.990.129,35;14.953.539,92;13.665.319,02;13.486.520;26.477.567;25.286.421;5.718.640;34.453.589
Avelinópolis;Financiamentos à Pecuária - Custeio - Valor (R$);3.012.972,38;3.114.619,70;2.969.722,94;2.371.929,36;2.157.632,11;1.096.615,77;1.512.406;7.064.265;10.463.511;3.483.221;7.398.433
Baliza;Financiamentos à Pecuária - Custeio - Valor (R$);6.840.960,55;6.475.174,73;7.475.597,52;6.121.315,51;7.661.045,14;10.227.542,82;13.317.250;13.860.839;18.845.977;6.852.731;29.887.164
Barro Alto;Financiamentos à Pecuária - Custeio - Valor (R$);4.291.411,48;6.767.056,59;2.423.006,76;4.697.626,68;4.159.183,81;8.215.159,07;6.458.769;8.546.532;10.351.797;3.682.681;16.607.400
Bela Vista de Goiás;Financiamentos à Pecuária - Custeio - Valor (R$);27.324.116,77;36.208.535,77;34.959.384,99;42.793.695,77;37.062.859,51;37.772.337,74;32.498.526;44.574.572;58.762.998;4.232.900;68.712.937
Bom Jardim de Goiás;Financiamentos à Pecuária - Custeio - Valor (R$);15.832.457,11;21.194.457,99;21.512.403,08;21.798.128,99;33.158.959,91;38.403.016,98;42.865.822;38.026.771;57.831.693;11.391.019;52.491.550
Bom Jesus de Goiás;Financiamentos à Pecuária - Custeio - Valor (R$);5.269.414,35;4.691.795,56;11.331.679,79;20.687.120,66;19.110.756,52;9.400.874,35;7.953.575;11.988.706;13.586.550;3.050.400;8.452.951
Bonfinópolis;Financiamentos à Pecuária - Custeio - Valor (R$);759.709,59;544.067,68;57.791,58;230.152,20;20.870,52;564.289,09;172.670;4.178.091;1.708.974;937.510;883.279
Bonópolis;Financiamentos à Pecuária - Custeio - Valor (R$);17.745.606,95;27.791.904,44;27.550.737,22;34.957.609,69;29.854.880,27;58.075.317,72;33.098.419;52.025.847;51.724.267;26.986.953;67.673.916
Brazabrantes;Financiamentos à Pecuária - Custeio - Valor (R$);2.293.822,26;1.850.072,91;1.947.788,68;3.704.044,32;3.015.849,79;4.385.266,41;8.135.175;11.484.043;6.886.470;3.184.000;6.992.212
Britânia;Financiamentos à Pecuária - Custeio - Valor (R$);21.026.897,37;18.142.091,76;19.314.438,71;27.186.680,49;47.863.710,53;26.659.694,34;51.324.980;41.508.540;89.412.698;15.109.484;49.934.483
Buriti Alegre;Financiamentos à Pecuária - Custeio - Valor (R$);10.519.987,03;9.223.849,34;12.543.612,65;12.127.149,12;15.484.940,91;18.143.075,01;26.385.221;35.805.491;23.475.455;14.848.001;29.584.404
Buriti de Goiás;Financiamentos à Pecuária - Custeio - Valor (R$);4.878.881,61;6.635.496,32;8.759.328,15;6.327.059,93;4.936.375,65;9.141.356,41;10.413.697;13.634.991;14.459.843;1.670.000;15.393.058
Buritinópolis;Financiamentos à Pecuária - Custeio - Valor (R$);1.979.450,05;1.113.331,39;1.425.026,22;1.189.078,80;2.865.446,37;1.547.955,72;569.300;3.031.044;3.420.916;1.027.600;3.785.951
Cabeceiras;Financiamentos à Pecuária - Custeio - Valor (R$);2.891.570,15;2.814.185,63;2.105.357,50;1.211.363,38;2.454.990,01;2.256.118,29;2.948.064;3.232.788;2.341.725;92.400;4.222.672
Cachoeira Alta;Financiamentos à Pecuária - Custeio - Valor (R$);28.837.804,92;30.046.801,07;25.868.498,34;33.895.812,32;39.728.581,26;44.166.471,27;61.538.830;73.010.150;78.993.864;28.359.997;156.184.606
Cachoeira de Goiás;Financiamentos à Pecuária - Custeio - Valor (R$);2.867.280,16;3.128.150,67;3.111.209,35;4.903.960,05;3.190.992,14;3.775.141,87;3.023.500;2.678.649;7.651.272;964.616;6.400.522
Cachoeira Dourada;Financiamentos à Pecuária - Custeio - Valor (R$);3.169.615,19;2.737.788,88;3.745.786,85;5.035.761,04;4.225.428,61;6.233.197,61;2.735.833;8.741.970;7.495.008;1.591.685;428.863
Caçu;Financiamentos à Pecuária - Custeio - Valor (R$);26.806.805,33;32.685.653,71;37.385.641,08;49.697.165,60;37.097.105,01;45.327.300,69;59.783.944;66.806.594;79.672.365;25.283.787;68.127.266
Caiapônia;Financiamentos à Pecuária - Custeio - Valor (R$);45.084.200,79;62.583.090,23;63.850.514,48;56.716.041,28;70.250.039,81;68.453.543,64;78.828.145;121.839.703;132.404.257;42.654.366;125.399.254
Caldas Novas;Financiamentos à Pecuária - Custeio - Valor (R$);7.828.370,17;9.189.188,87;9.852.834,91;8.215.297,94;9.023.095,10;7.400.218,95;10.023.345;9.032.905;15.556.060;3.519.792;25.482.605
Caldazinha;Financiamentos à Pecuária - Custeio - Valor (R$);3.069.616,83;2.993.603,08;3.837.883,80;4.855.462,78;7.375.600,08;5.812.416,82;7.116.014;10.628.284;11.382.360;1.200.000;11.874.146
Campestre de Goiás;Financiamentos à Pecuária - Custeio - Valor (R$);1.883.617,72;1.813.835,34;2.571.524,71;2.614.159,31;3.153.699,97;2.534.056,93;5.636.785;7.793.499;5.597.147;2.126.065;8.556.124
Campinaçu;Financiamentos à Pecuária - Custeio - Valor (R$);8.169.563,24;9.007.401,98;9.406.749,75;10.302.038,68;12.255.549,26;17.588.720,87;30.892.175;42.458.879;37.591.702;13.441.962;58.435.815
Campinorte;Financiamentos à Pecuária - Custeio - Valor (R$);5.067.783,64;5.766.090,39;7.688.154,46;5.028.054,28;8.235.097,34;12.086.632,91;18.153.583;27.892.740;27.798.302;8.777.466;28.626.081
Campo Alegre de Goiás;Financiamentos à Pecuária - Custeio - Valor (R$);7.290.658,35;8.613.109,02;8.470.616,43;10.874.239,79;10.131.696,38;11.380.540,56;9.599.413;12.749.539;16.551.462;1.310.059;13.503.186
Campo Limpo de Goiás;Financiamentos à Pecuária - Custeio - Valor (R$);4.872.795,52;5.000.955,72;2.507.061,09;1.984.310,21;4.426.260,73;3.628.295,98;2.395.766;5.411.507;7.986.941;1.696.153;4.267.093
Campos Belos;Financiamentos à Pecuária - Custeio - Valor (R$);6.468.757,45;6.676.019,17;6.868.763,34;7.912.681,79;8.999.653,44;4.787.574,66;10.293.400;12.641.193;20.509.736;5.293.824;14.663.738
Campos Verdes;Financiamentos à Pecuária - Custeio - Valor (R$);3.128.522,11;3.833.797,56;3.837.446,99;5.719.516,68;3.774.591,24;8.041.200,84;5.729.168;16.591.904;18.258.384;5.007.200;28.961.122
Carmo do Rio Verde;Financiamentos à Pecuária - Custeio - Valor (R$);5.783.259,59;6.852.508,39;7.171.795,43;7.749.007,17;7.296.864,16;6.120.363,58;5.976.722;10.968.198;19.090.815;3.520.165;22.345.733
Castelândia;Financiamentos à Pecuária - Custeio - Valor (R$);1.639.071,91;1.779.878,27;2.491.201,23;2.413.070,52;1.779.212,64;4.624.140,99;10.708.544;16.811.108;5.547.447;6.296.530;3.120.613
Catalão;Financiamentos à Pecuária - Custeio - Valor (R$);15.537.207,59;12.659.438,62;14.925.758,23;14.954.309,41;19.433.340,68;22.500.083,23;25.225.984;41.908.036;43.013.425;5.677.200;71.643.543
Caturaí;Financiamentos à Pecuária - Custeio - Valor (R$);1.620.070,15;1.573.769,68;1.119.858,92;1.583.774,23;3.101.496,96;4.030.644,79;7.089.177;5.407.922;8.486.622;5.145.472;8.474.354
Cavalcante;Financiamentos à Pecuária - Custeio - Valor (R$);1.424.006,16;2.193.605,85;2.817.910,88;3.431.763,05;5.904.120,78;4.812.080,05;5.237.576;5.755.656;7.322.821;5.556.232;17.705.978
Ceres;Financiamentos à Pecuária - Custeio - Valor (R$);2.980.130,44;3.267.076,93;3.026.477,06;2.224.171,49;2.514.995,54;3.084.422,63;2.764.773;4.949.829;6.925.586;780.800;7.398.260
Cezarina;Financiamentos à Pecuária - Custeio - Valor (R$);11.170.578,47;8.327.290,71;6.414.874,24;5.071.557,92;7.159.041,41;5.266.393,42;6.299.081;8.297.020;7.580.507;3.124.000;5.050.468
Chapadão do Céu;Financiamentos à Pecuária - Custeio - Valor (R$);3.356.749,39;2.596.145,52;1.471.711,17;4.578.066,33;6.410.228,92;10.356.657,75;8.818.114;7.872.039;2.329.989;880.000;610.000
Cidade Ocidental;Financiamentos à Pecuária - Custeio - Valor (R$);2.100.834,97;1.116.669,14;2.231.028,76;1.128.832,22;3.837.662,46;917.555,01;6.503.411;451.925;1.648.476;400.000;2.505.066
Cocalzinho de Goiás;Financiamentos à Pecuária - Custeio - Valor (R$);12.966.499,69;4.920.474,25;6.312.632,48;4.881.350,26;8.626.104,38;9.480.487,44;12.919.685;20.499.644;30.366.537;6.353.085;31.863.781
Colinas do Sul;Financiamentos à Pecuária - Custeio - Valor (R$);4.755.397,62;3.085.180,58;3.223.122,79;2.809.505,13;4.501.132,49;8.833.480,65;6.926.044;15.440.062;25.385.222;9.575.081;15.359.652
Córrego do Ouro;Financiamentos à Pecuária - Custeio - Valor (R$);10.482.289,16;10.013.153,88;11.570.121,00;13.941.728,56;18.596.266,53;14.683.709,31;13.901.182;24.583.861;23.514.840;4.703.150;21.240.967
Corumbá de Goiás;Financiamentos à Pecuária - Custeio - Valor (R$);5.963.844,10;5.190.579,64;6.429.062,87;4.672.318,01;6.412.906,03;6.272.879,62;5.973.479;6.665.636;9.075.163;2.709.000;12.762.845
Corumbaíba;Financiamentos à Pecuária - Custeio - Valor (R$);22.631.457,70;23.813.938,77;22.966.793,11;28.623.604,33;37.487.454,53;39.635.778,92;45.288.018;50.100.687;73.428.585;9.000.700;85.932.507
Cristalina;Financiamentos à Pecuária - Custeio - Valor (R$);12.574.161,17;13.207.941,41;17.233.638,77;15.366.635,88;22.298.065,55;16.416.063,35;13.518.113;15.369.483;23.430.690;2.458.949;28.741.223
Cristianópolis;Financiamentos à Pecuária - Custeio - Valor (R$);1.495.982,74;3.242.514,97;3.491.817,33;3.023.781,03;2.171.448,35;2.815.385,50;1.791.684;1.250.929;3.277.270;540.000;2.859.686
Crixás;Financiamentos à Pecuária - Custeio - Valor (R$);33.267.340,94;39.460.284,32;40.687.609,80;45.912.585,11;56.483.986,97;66.606.515,48;86.055.916;111.424.401;158.659.973;25.424.670;219.077.684
Cromínia;Financiamentos à Pecuária - Custeio - Valor (R$);4.286.704,59;5.203.517,70;5.842.671,03;7.459.752,16;11.060.620,72;10.692.062,62;6.299.394;11.323.880;11.506.779;5.050.000;12.626.808
Cumari;Financiamentos à Pecuária - Custeio - Valor (R$);10.400.962,46;8.592.274,51;12.264.144,86;12.686.556,70;18.971.444,88;23.980.898,81;23.066.661;32.910.387;47.597.022;12.677.626;38.628.849
Damianópolis;Financiamentos à Pecuária - Custeio - Valor (R$);1.489.851,27;818.419,24;866.079,33;653.888,76;1.269.006,89;952.346,33;1.435.675;2.395.704;2.872.645;172.240;3.970.512
Damolândia;Financiamentos à Pecuária - Custeio - Valor (R$);1.742.698,28;1.326.738,28;1.024.949,10;1.276.074,30;1.579.307,13;1.086.475,66;2.136.784;1.057.729;1.631.783;518.294;4.105.612
Davinópolis;Financiamentos à Pecuária - Custeio - Valor (R$);3.029.660,74;2.793.744,58;3.346.373,15;4.784.660,50;6.651.527,96;6.289.814,07;10.160.856;8.491.213;11.892.021;1.118.419;8.773.202
Diorama;Financiamentos à Pecuária - Custeio - Valor (R$);10.834.926,87;10.142.062,17;11.757.027,87;11.676.154,86;17.183.447,83;17.022.976,28;20.291.837;33.775.005;24.341.355;4.809.645;35.149.772
Divinópolis de Goiás;Financiamentos à Pecuária - Custeio - Valor (R$);4.865.081,24;4.783.066,92;6.040.004,65;6.888.925,45;5.590.801,23;5.991.314,17;4.014.500;8.074.888;14.465.698;3.729.475;21.007.351
Doverlândia;Financiamentos à Pecuária - Custeio - Valor (R$);31.740.531,20;40.831.564,26;53.542.211,11;53.801.551,56;61.196.104,65;64.698.024,05;74.717.005;89.817.887;84.915.854;41.360.270;102.126.612
Edealina;Financiamentos à Pecuária - Custeio - Valor (R$);8.145.264,09;7.711.676,39;9.238.001,38;14.778.467,59;13.631.691,61;10.979.409,93;11.127.460;16.406.194;20.046.781;8.594.394;18.777.777
Edéia;Financiamentos à Pecuária - Custeio - Valor (R$);6.379.269,55;7.063.229,41;7.023.006,96;8.688.825,93;10.006.989,59;6.978.832,77;8.414.274;11.037.373;11.400.976;2.258.664;19.958.983
Estrela do Norte;Financiamentos à Pecuária - Custeio - Valor (R$);4.229.800,90;6.904.653,80;10.765.662,72;12.100.362,40;15.175.983,26;14.291.037,32;28.245.184;28.382.631;19.348.107;8.799.900;16.392.631
Faina;Financiamentos à Pecuária - Custeio - Valor (R$);21.401.773,53;20.489.445,75;19.203.944,90;21.818.970,03;31.378.752,43;31.285.884,35;37.567.319;72.717.216;77.408.465;5.712.269;92.584.305
Fazenda Nova;Financiamentos à Pecuária - Custeio - Valor (R$);19.700.410,08;21.189.578,71;20.029.781,78;21.836.203,93;30.685.371,69;32.397.852,13;41.790.763;61.858.864;78.734.689;9.374.950;74.721.986
Firminópolis;Financiamentos à Pecuária - Custeio - Valor (R$);5.445.073,18;5.507.902,27;8.156.378,22;11.494.718,61;11.954.619,30;9.042.078,27;9.150.270;12.356.848;16.923.594;7.496.944;22.124.416
Flores de Goiás;Financiamentos à Pecuária - Custeio - Valor (R$);33.585.162,89;19.124.670,14;14.026.414,61;17.287.305,67;17.574.447,28;18.440.932,54;28.780.981;43.961.487;39.452.270;5.911.888;45.191.816
Formosa;Financiamentos à Pecuária - Custeio - Valor (R$);45.195.949,93;62.444.551,05;38.938.302,76;33.476.547,32;47.730.626,65;41.465.004,38;35.219.426;65.612.702;64.186.930;9.012.398;71.752.990
Formoso;Financiamentos à Pecuária - Custeio - Valor (R$);8.095.505,99;7.434.408,47;7.767.107,11;6.271.137,22;11.272.141,05;13.573.010,52;16.709.489;25.297.090;36.549.959;12.084.374;31.345.609
Gameleira de Goiás;Financiamentos à Pecuária - Custeio - Valor (R$);5.160.713,91;7.254.712,86;3.739.882,61;3.525.458,33;2.745.824,69;6.346.532,49;5.643.190;5.215.761;6.131.458;2.113.700;16.616.611
Goianápolis;Financiamentos à Pecuária - Custeio - Valor (R$);2.966.312,82;3.449.788,13;2.501.810,13;6.206.502,03;7.376.659,38;7.045.217,22;1.913.814;4.298.441;2.270.167;1.157.684;2.733.757
Goiandira;Financiamentos à Pecuária - Custeio - Valor (R$);5.631.722,87;6.519.597,53;7.960.076,59;8.566.722,71;15.691.686,09;19.388.608,44;18.918.308;22.982.553;31.762.023;3.455.560;38.650.791
Goianésia;Financiamentos à Pecuária - Custeio - Valor (R$);16.857.016,45;23.905.991,50;32.964.980,12;31.940.831,88;26.729.375,35;34.216.781,15;45.192.849;36.147.526;37.957.696;11.766.530;51.731.773
Goiânia;Financiamentos à Pecuária - Custeio - Valor (R$);4.608.427,45;2.165.902,94;3.111.991,41;9.398.782,16;19.057.664,82;7.768.085,55;6.398.318;874.284;3.215.038;4.694.580;5.371.551
Goianira;Financiamentos à Pecuária - Custeio - Valor (R$);1.340.717,45;5.877.008,35;6.396.971,89;1.725.668,93;1.232.422,11;1.101.453,49;2.091.972;3.145.652;1.831.412;0;1.574.291
Goiás;Financiamentos à Pecuária - Custeio - Valor (R$);31.112.826,50;32.087.778,91;33.690.467,61;35.396.269,19;37.499.191,44;50.803.471,70;51.068.353;92.331.266;94.094.387;19.335.374;123.257.634
Goiatuba;Financiamentos à Pecuária - Custeio - Valor (R$);15.683.845,86;12.786.430,25;13.959.995,60;17.119.872,74;12.605.923,72;11.240.712,78;11.123.900;13.817.261;13.011.554;3.206.000;23.661.811
Gouvelândia;Financiamentos à Pecuária - Custeio - Valor (R$);6.570.517,34;6.253.710,52;8.106.761,11;9.815.920,22;10.813.099,37;12.838.891,83;8.998.019;11.714.748;5.040.566;9.097.640;4.999.738
Guapó;Financiamentos à Pecuária - Custeio - Valor (R$);6.238.595,20;3.824.116,84;8.232.153,24;11.569.572,85;7.792.705,89;17.226.431,33;10.835.287;16.639.678;17.798.764;3.186.342;13.042.660
Guaraíta;Financiamentos à Pecuária - Custeio - Valor (R$);1.792.996,01;2.040.136,16;1.982.477,63;3.241.797,06;2.698.473,69;3.181.948,45;3.310.371;4.477.434;7.755.122;326.868;10.528.051
Guarani de Goiás;Financiamentos à Pecuária - Custeio - Valor (R$);7.206.456,37;5.130.226,91;5.063.106,71;4.275.300,96;6.489.123,52;6.286.518,52;6.636.311;17.367.386;13.523.906;9.958.603;18.995.185
Guarinos;Financiamentos à Pecuária - Custeio - Valor (R$);2.852.008,30;3.079.794,54;4.145.173,49;5.017.354,38;6.161.551,97;7.039.664,62;9.605.429;24.798.306;25.170.555;5.001.390;43.988.182
Heitoraí;Financiamentos à Pecuária - Custeio - Valor (R$);2.958.842,14;2.614.772,70;2.605.861,02;3.028.106,45;4.299.858,10;4.414.409,68;5.174.652;4.052.667;10.892.042;2.568.604;12.972.935
Hidrolândia;Financiamentos à Pecuária - Custeio - Valor (R$);8.738.689,22;9.851.706,50;12.676.699,70;14.920.695,90;16.634.726,53;19.623.338,64;29.005.457;19.269.773;25.072.069;5.900.000;26.353.528
Hidrolina;Financiamentos à Pecuária - Custeio - Valor (R$);5.751.173,10;3.919.800,12;6.197.293,91;5.951.345,38;8.320.009,28;7.746.379,67;11.506.181;21.018.216;21.189.844;3.153.583;17.633.996
Iaciara;Financiamentos à Pecuária - Custeio - Valor (R$);11.301.318,30;9.448.151,97;10.040.685,74;9.387.606,35;15.313.006,40;17.818.772,81;22.085.129;27.855.404;39.213.064;6.848.233;45.748.550
Inaciolândia;Financiamentos à Pecuária - Custeio - Valor (R$);3.995.364,59;4.650.740,44;4.713.394,96;3.280.496,49;2.401.244,28;3.991.767,29;4.310.380;4.915.248;3.830.502;9.667.580;10.100.482
Indiara;Financiamentos à Pecuária - Custeio - Valor (R$);13.215.071,18;16.009.024,53;14.923.168,51;12.282.588,25;17.398.713,88;10.622.547,80;24.645.478;22.690.507;8.784.707;1.910.000;23.798.118
Inhumas;Financiamentos à Pecuária - Custeio - Valor (R$);16.573.495,38;12.459.169,28;8.674.581,81;11.619.719,25;10.547.772,37;21.294.535,47;13.647.876;21.414.951;33.109.181;8.176.192;35.165.626
Ipameri;Financiamentos à Pecuária - Custeio - Valor (R$);32.228.689,85;33.621.484,18;38.987.263,82;47.273.127,16;35.802.155,27;52.259.512,94;56.983.638;85.444.866;117.425.144;22.654.830;136.455.311
Ipiranga de Goiás;Financiamentos à Pecuária - Custeio - Valor (R$);2.469.876,47;3.789.054,45;3.163.210,18;5.002.247,87;3.876.700,99;4.935.856,02;3.545.137;7.328.861;7.350.693;1.939.032;8.272.130
Iporá;Financiamentos à Pecuária - Custeio - Valor (R$);8.679.120,96;9.583.280,83;9.023.536,98;10.561.492,92;15.255.838,76;14.762.262,32;18.749.662;26.667.099;24.686.044;2.634.220;26.972.566
Israelândia;Financiamentos à Pecuária - Custeio - Valor (R$);2.861.239,82;3.204.741,95;2.897.799,81;2.311.142,63;4.194.883,17;2.632.924,56;8.116.848;10.638.925;9.360.669;5.167.751;6.596.650
Itaberaí;Financiamentos à Pecuária - Custeio - Valor (R$);44.284.824,33;59.515.122,21;48.295.341,17;59.965.744,61;55.311.468,21;26.845.782,31;59.697.431;93.415.299;56.038.595;4.940.412;66.917.819
Itaguari;Financiamentos à Pecuária - Custeio - Valor (R$);2.393.418,19;4.046.820,35;3.674.208,84;3.397.932,16;4.172.777,83;3.395.377,09;3.380.667;4.967.706;4.481.905;0;3.934.909
Itaguaru;Financiamentos à Pecuária - Custeio - Valor (R$);5.902.450,73;6.278.330,41;5.541.545,14;2.937.020,49;2.710.758,24;3.593.771,17;4.793.558;5.479.090;11.835.091;4.989.388;19.127.907
Itajá;Financiamentos à Pecuária - Custeio - Valor (R$);20.769.538,79;27.902.392,96;25.974.089,56;18.661.199,29;32.096.571,87;34.361.059,22;45.224.369;67.292.805;86.481.327;28.771.642;92.328.513
Itapaci;Financiamentos à Pecuária - Custeio - Valor (R$);11.834.962,37;13.044.022,98;14.873.958,40;16.959.228,28;20.221.954,80;21.715.771,73;21.906.307;44.486.876;41.697.965;15.101.201;45.118.335
Itapirapuã;Financiamentos à Pecuária - Custeio - Valor (R$);36.156.331,06;28.015.110,28;30.257.954,62;34.158.403,85;35.557.890,50;40.164.000,18;40.890.609;48.591.030;57.649.395;6.372.829;78.092.167
Itapuranga;Financiamentos à Pecuária - Custeio - Valor (R$);14.185.003,74;14.141.714,78;15.903.029,92;17.234.664,54;24.047.489,95;21.714.155,93;31.656.947;43.636.322;78.867.588;4.236.593;86.458.416
Itarumã;Financiamentos à Pecuária - Custeio - Valor (R$);29.450.022,99;35.658.903,66;36.184.953,37;47.497.353,52;41.938.389,76;62.141.187,85;78.161.800;94.887.713;101.903.175;26.783.709;135.695.588
Itauçu;Financiamentos à Pecuária - Custeio - Valor (R$);5.756.987,40;5.093.367,07;4.091.014,52;5.096.345,73;5.795.960,09;6.401.565,49;7.670.199;15.382.726;15.711.836;12.471.313;19.524.005
Itumbiara;Financiamentos à Pecuária - Custeio - Valor (R$);18.861.601,42;18.632.326,00;19.214.705,17;17.627.915,99;25.395.055,23;23.043.456,12;15.742.429;23.298.244;17.589.609;1.797.140;16.806.934
Ivolândia;Financiamentos à Pecuária - Custeio - Valor (R$);10.541.442,10;12.838.944,08;15.799.790,96;17.042.283,93;23.254.469,33;21.727.614,38;29.147.716;52.391.781;55.057.608;6.530.115;61.664.459
Jandaia;Financiamentos à Pecuária - Custeio - Valor (R$);17.799.812,80;17.837.837,57;14.702.592,79;16.463.605,45;16.881.015,80;19.207.054,55;21.908.941;21.728.449;27.096.323;11.312.082;38.278.228
Jaraguá;Financiamentos à Pecuária - Custeio - Valor (R$);17.009.701,87;18.189.070,98;20.987.487,58;19.906.833,66;28.660.874,69;25.263.596,95;34.957.828;59.741.643;73.303.338;16.457.499;81.898.510
Jataí;Financiamentos à Pecuária - Custeio - Valor (R$);52.507.102,92;62.899.179,63;50.868.754,93;55.915.157,29;66.119.181,47;59.800.385,97;62.920.740;82.548.497;102.752.601;31.109.353;84.526.491
Jaupaci;Financiamentos à Pecuária - Custeio - Valor (R$);3.827.914,55;5.058.817,30;5.425.771,93;6.389.220,54;8.816.712,28;10.538.444,59;9.004.415;9.493.542;13.906.296;5.538.960;16.227.315
Jesúpolis;Financiamentos à Pecuária - Custeio - Valor (R$);376.498,30;741.195,63;945.318,34;603.757,53;1.158.114,64;925.927,36;2.661.025;2.515.558;3.774.171;368.000;5.087.713
Joviânia;Financiamentos à Pecuária - Custeio - Valor (R$);5.206.506,74;11.135.434,79;5.634.367,16;3.969.250,87;6.012.734,03;3.466.205,16;4.339.343;7.011.115;2.620.634;1.970.000;3.237.829
Jussara;Financiamentos à Pecuária - Custeio - Valor (R$);50.234.131,07;46.536.992,30;53.990.998,72;81.151.310,17;96.591.096,69;101.227.734,49;105.954.306;103.088.125;145.541.220;46.541.537;148.955.915
Lagoa Santa;Financiamentos à Pecuária - Custeio - Valor (R$);2.708.733,36;3.025.493,39;3.817.087,34;4.724.088,13;11.103.450,43;4.416.395,99;8.563.963;12.791.937;11.252.136;5.936.025;11.671.568
Leopoldo de Bulhões;Financiamentos à Pecuária - Custeio - Valor (R$);18.138.401,07;19.846.596,36;16.602.170,94;19.632.113,62;3.751.924,41;1.599.523,40;3.366.672;3.992.012;7.632.835;419.340;4.609.234
Luziânia;Financiamentos à Pecuária - Custeio - Valor (R$);20.645.064,23;21.510.524,05;21.959.531,00;22.602.198,84;18.556.848,24;16.111.038,65;23.863.746;23.710.715;32.952.302;15.957.080;70.580.647
Mairipotaba;Financiamentos à Pecuária - Custeio - Valor (R$);4.665.770,10;5.316.195,77;8.224.029,60;10.637.100,47;15.463.669,71;10.812.604,66;9.945.274;9.398.581;13.576.804;5.390.009;12.167.132
Mambaí;Financiamentos à Pecuária - Custeio - Valor (R$);2.312.441,31;1.185.020,16;1.719.588,27;2.286.151,35;1.711.927,47;1.598.350,95;1.823.810;1.785.756;1.372.375;11.732;2.260.641
Mara Rosa;Financiamentos à Pecuária - Custeio - Valor (R$);20.789.908,90;21.644.718,39;21.722.983,70;25.823.491,39;27.596.647,21;30.336.117,37;26.812.512;44.652.362;47.423.078;16.906.810;94.588.774
Marzagão;Financiamentos à Pecuária - Custeio - Valor (R$);2.921.795,37;1.984.083,46;1.938.373,12;988.000,00;2.746.318,34;1.859.929,65;2.453.107;1.128.845;4.289.578;3.554.680;1.363.597
Matrinchã;Financiamentos à Pecuária - Custeio - Valor (R$);13.787.682,04;12.309.582,55;10.324.212,27;11.638.893,31;23.426.150,92;41.359.261,61;31.652.579;36.037.274;34.971.198;2.407.975;35.266.849
Maurilândia;Financiamentos à Pecuária - Custeio - Valor (R$);24.071.009,29;29.224.453,85;32.460.411,96;5.266.840,90;7.173.119,84;12.374.064,17;0;6.104.661;2.177.401;3.209.562;33.845.863
Mimoso de Goiás;Financiamentos à Pecuária - Custeio - Valor (R$);2.765.320,23;2.314.544,30;5.693.101,40;8.945.560,10;15.433.707,23;7.464.360,00;2.484.843;1.915.275;13.995.579;8.931.324;9.484.971
Minaçu;Financiamentos à Pecuária - Custeio - Valor (R$);12.699.181,09;10.945.684,33;15.144.077,09;16.215.084,33;17.497.434,90;17.983.768,88;35.498.127;39.657.861;55.193.171;8.683.020;87.414.028
Mineiros;Financiamentos à Pecuária - Custeio - Valor (R$);58.918.238,76;73.003.867,28;86.447.141,17;80.643.057,68;100.417.082,25;104.926.032,57;114.552.716;136.843.304;153.051.775;89.486.621;162.075.190
Moiporá;Financiamentos à Pecuária - Custeio - Valor (R$);7.689.603,46;4.856.662,51;6.561.471,41;8.679.901,98;9.959.092,46;11.651.251,34;13.164.185;15.164.255;12.848.640;6.834.430;21.372.630
Monte Alegre de Goiás;Financiamentos à Pecuária - Custeio - Valor (R$);14.242.615,79;13.688.417,90;12.754.159,87;20.819.125,32;19.530.159,97;20.903.206,22;31.264.972;33.149.441;60.247.966;5.773.322;60.547.860
Montes Claros de Goiás;Financiamentos à Pecuária - Custeio - Valor (R$);39.702.352,03;37.255.887,44;39.282.872,77;41.756.727,32;53.100.130,50;51.414.640,40;56.878.439;58.318.235;64.908.322;26.051.050;85.692.502
Montividiu;Financiamentos à Pecuária - Custeio - Valor (R$);9.510.897,91;10.790.790,96;12.181.238,32;15.647.911,82;16.709.093,70;21.455.754,41;29.701.425;86.996.107;82.400.936;69.517.340;30.056.048
Montividiu do Norte;Financiamentos à Pecuária - Custeio - Valor (R$);5.813.710,02;3.106.736,05;6.564.872,30;7.578.185,87;9.149.279,02;12.108.117,81;23.187.037;21.897.793;39.894.215;12.898.351;29.941.556
Morrinhos;Financiamentos à Pecuária - Custeio - Valor (R$);47.606.965,97;78.381.888,78;78.073.893,60;124.130.814,46;89.130.528,44;64.372.156,23;59.417.247;75.976.759;67.719.588;20.504.515;70.322.844
Morro Agudo de Goiás;Financiamentos à Pecuária - Custeio - Valor (R$);1.787.884,33;1.686.056,05;3.159.885,29;3.769.759,76;5.025.121,69;3.429.026,95;8.195.535;10.199.644;14.494.424;844.873;21.655.366
Mossâmedes;Financiamentos à Pecuária - Custeio - Valor (R$);18.116.017,86;19.671.506,71;24.993.025,27;22.636.311,02;24.731.336,09;26.090.568,65;34.502.436;41.224.194;42.052.191;6.045.322;48.230.581
Mozarlândia;Financiamentos à Pecuária - Custeio - Valor (R$);29.280.795,81;32.679.855,09;24.420.870,93;26.548.938,97;31.765.120,46;29.753.941,97;48.659.695;77.980.287;102.378.381;9.819.975;138.364.224
Mundo Novo;Financiamentos à Pecuária - Custeio - Valor (R$);30.654.810,37;26.370.472,28;21.223.442,04;33.843.028,92;31.294.236,62;47.702.495,27;51.554.000;60.579.067;31.079.463;22.559.028;61.152.871
Mutunópolis;Financiamentos à Pecuária - Custeio - Valor (R$);22.154.524,31;10.492.157,44;13.088.402,11;10.959.841,11;13.078.741,87;15.076.771,88;17.671.642;24.932.394;52.717.105;12.681.152;44.653.786
Nazário;Financiamentos à Pecuária - Custeio - Valor (R$);3.015.832,75;2.710.961,72;4.155.980,66;27.212.037,06;8.764.630,94;3.711.630,14;6.532.513;7.183.034;5.507.792;251.000.000;2.635.408
Nerópolis;Financiamentos à Pecuária - Custeio - Valor (R$);7.479.770,66;9.076.313,87;3.077.935,32;2.636.351,66;3.203.236,55;761.662,37;2.828.459;3.723.594;2.928.351;1.724.544;3.945.157
Niquelândia;Financiamentos à Pecuária - Custeio - Valor (R$);23.137.584,59;23.353.240,87;24.939.292,55;22.580.773,24;34.528.794,28;38.930.338,12;31.008.486;61.180.214;87.884.946;24.293.989;129.920.597
Nova América;Financiamentos à Pecuária - Custeio - Valor (R$);1.283.365,13;1.720.853,41;2.087.577,54;2.341.572,88;4.046.640,63;5.525.392,86;5.470.551;9.465.095;8.502.615;1.964.094;13.027.909
Nova Aurora;Financiamentos à Pecuária - Custeio - Valor (R$);1.970.072,75;1.906.373,59;2.084.422,03;2.464.332,37;2.196.376,96;3.122.937,79;7.159.961;10.587.449;13.011.626;1.842.363;28.662.546
Nova Crixás;Financiamentos à Pecuária - Custeio - Valor (R$);138.097.522,94;154.749.844,57;197.630.003,71;247.740.320,97;223.062.079,52;258.353.695,62;226.383.529;328.347.905;306.268.429;48.294.381;338.538.444
Nova Glória;Financiamentos à Pecuária - Custeio - Valor (R$);4.051.395,24;2.392.184,54;3.087.655,07;2.664.220,10;2.989.262,47;3.515.064,98;5.461.952;9.959.926;13.421.604;3.245.415;10.943.614
Nova Iguaçu de Goiás;Financiamentos à Pecuária - Custeio - Valor (R$);4.969.663,40;6.307.651,84;7.604.570,94;7.680.344,38;9.374.048,85;16.279.123,31;13.058.173;24.403.642;28.878.985;2.277.641;29.121.263
Nova Roma;Financiamentos à Pecuária - Custeio - Valor (R$);11.308.177,62;5.507.797,33;6.116.494,74;9.588.948,69;7.308.965,68;13.656.980,36;12.906.065;17.586.625;32.707.993;16.322.430;40.449.890
Nova Veneza;Financiamentos à Pecuária - Custeio - Valor (R$);2.202.738,63;2.808.344,22;2.821.497,54;4.234.712,12;3.931.041,54;2.696.993,40;1.943.683;1.462.880;2.488.756;1.848.458;3.444.648
Novo Brasil;Financiamentos à Pecuária - Custeio - Valor (R$);13.259.540,39;13.451.628,13;11.916.426,08;13.527.221,92;13.607.222,30;20.395.728,71;21.013.117;33.010.968;35.065.760;6.079.600;43.181.118
Novo Gama;Financiamentos à Pecuária - Custeio - Valor (R$);0;-;68.717,93;0;749.367,30; -   ;0;-;-;0;-
Novo Planalto;Financiamentos à Pecuária - Custeio - Valor (R$);14.155.539,48;17460235,47;21.743.727,73;33.563.524,46;35.280.706,52;16.328.596,07;23.625.471;33.043.373;33.965.626;8.619.962;42.373.602
Orizona;Financiamentos à Pecuária - Custeio - Valor (R$);32.023.765,65;34403194,8;38.992.305,39;36.923.009,80;41.969.117,26;44.476.580,17;55.130.752;74.814.952;100.529.404;12.611.130;123.487.458
Ouro Verde de Goiás;Financiamentos à Pecuária - Custeio - Valor (R$);3.845.952,76;3531702,14;3.667.334,17;2.983.455,83;4.351.900,21;4.310.490,80;5.812.728;5.157.773;6.533.745;2.540.000;10.241.642
Ouvidor;Financiamentos à Pecuária - Custeio - Valor (R$);2.247.391,55;3621687,08;3.576.285,55;4.628.307,09;9.716.043,31;8.312.638,42;17.368.395;14.903.043;24.148.251;8.124.274;22.804.132
Padre Bernardo;Financiamentos à Pecuária - Custeio - Valor (R$);8.935.093,17;15728412,71;8.445.875,02;11.264.437,17;5.786.303,44;15.025.859,15;12.861.408;19.861.706;18.887.278;4.562.200;21.333.730
Palestina de Goiás;Financiamentos à Pecuária - Custeio - Valor (R$);8.546.278,01;9223028,81;9.708.197,20;11.547.105,60;14.414.539,48;18.221.893,80;20.903.584;27.400.234;36.001.020;7.245.417;34.739.627
Palmeiras de Goiás;Financiamentos à Pecuária - Custeio - Valor (R$);26.270.039,05;29083961,86;22.478.774,92;26.642.351,91;31.381.790,96;27.426.032,72;34.233.398;37.205.338;41.031.201;4.101.002;42.043.756
Palmelo;Financiamentos à Pecuária - Custeio - Valor (R$);287.899,90;186252,03;226.505,72;808.228,84;398.120,44;517.689,65;435.903;897.085;2.009.007;700.417;1.795.683
Palminópolis;Financiamentos à Pecuária - Custeio - Valor (R$);9.743.101,92;9086824,88;7.661.164,02;8.480.876,00;9.358.001,66;9.870.778,03;14.674.139;17.916.813;26.250.569;11.471.980;17.713.171
Panamá;Financiamentos à Pecuária - Custeio - Valor (R$);2.628.775,17;3533766,11;3.779.941,26;3.545.959,62;3.119.837,02;4.912.967,72;3.975.647;4.212.374;8.006.419;2.025.807;2.418.633
Paranaiguara;Financiamentos à Pecuária - Custeio - Valor (R$);10.211.581,65;10801445,47;12.789.067,84;17.487.817,80;15.415.418,01;20.470.562,33;21.157.720;17.113.802;12.726.244;9.247.204;21.538.882
Paraúna;Financiamentos à Pecuária - Custeio - Valor (R$);21.133.783,74;28607074,69;32.938.617,88;54.631.188,26;43.699.507,68;36.654.118,45;39.455.404;32.608.684;30.780.233;10.727.000;39.512.807
Perolândia;Financiamentos à Pecuária - Custeio - Valor (R$);1.884.183,26;1123869,91;2.455.594,77;2.979.447,80;2.991.200,00;3.678.984,02;5.144.362;3.069.651;6.649.570;3.020.000;6.380.896
Petrolina de Goiás;Financiamentos à Pecuária - Custeio - Valor (R$);8.379.586,23;11286341,8;12.238.625,20;11.425.505,18;12.628.664,72;14.574.729,21;12.423.618;23.834.845;16.405.998;4.173.189;26.587.661
Pilar de Goiás;Financiamentos à Pecuária - Custeio - Valor (R$);12.551.333,60;11981125,72;14.133.300,00;14.037.688,42;15.457.969,10;15.187.588,31;16.717.443;28.732.084;38.140.543;6.398.408;52.878.314
Piracanjuba;Financiamentos à Pecuária - Custeio - Valor (R$);24.673.525,12;29993845,15;31.729.659,47;37.818.800,30;38.748.256,61;39.718.875,07;36.603.888;40.687.619;42.467.669;16.803.200;48.917.189
Piranhas;Financiamentos à Pecuária - Custeio - Valor (R$);25.365.918,26;26068628,01;28.497.328,25;31.670.558,80;33.235.405,92;35.995.824,44;47.978.581;61.915.777;88.148.115;25.809.361;73.832.404
Pirenópolis;Financiamentos à Pecuária - Custeio - Valor (R$);12.718.457,99;9986217,56;9.143.855,21;13.697.656,68;20.120.519,68;13.317.404,07;13.693.212;27.862.235;31.623.660;6.010.188;45.511.579
Pires do Rio;Financiamentos à Pecuária - Custeio - Valor (R$);11.749.906,61;12624929,6;24.492.897,41;18.056.444,43;12.556.347,52;27.652.640,59;31.426.895;36.063.637;69.476.562;4.095.720;56.946.444
Planaltina;Financiamentos à Pecuária - Custeio - Valor (R$);1.660.262,97;2365112,33;5.234.247,50;2.086.602,39;4.614.735,23;2.468.808,16;2.338.045;1.727.862;4.595.649;989.240;5.635.783
Pontalina;Financiamentos à Pecuária - Custeio - Valor (R$);17.653.390,01;17097374,37;26.317.860,64;30.759.323,80;38.627.364,27;37.423.513,56;39.417.032;63.134.353;75.415.408;17.896.040;84.569.936
Porangatu;Financiamentos à Pecuária - Custeio - Valor (R$);48.400.647,27;45248236,24;60.057.934,48;72.439.494,33;75.184.462,43;90.794.557,71;117.188.247;185.558.485;217.153.396;67.660.542;217.787.610
Porteirão;Financiamentos à Pecuária - Custeio - Valor (R$);12.016.919,06;5609015,52;7.591.439,08;5.579.995,80;4.138.663,39;4.652.517,45;3.274.730;4.230.455;3.974.714;4.640.000;5.503.175
Portelândia;Financiamentos à Pecuária - Custeio - Valor (R$);3.012.450,63;2628614,33;2.258.417,23;3.318.237,70;4.145.575,04;4.900.609,19;4.653.240;5.241.623;8.777.287;6.960.846;10.546.681
Posse;Financiamentos à Pecuária - Custeio - Valor (R$);7.721.671,82;6922081,61;6.776.716,88;7.146.263,36;5.225.889,71;11.707.481,34;12.873.582;17.381.854;29.798.380;9.528.885;23.278.771
Professor Jamil;Financiamentos à Pecuária - Custeio - Valor (R$);2.527.223,15;2938954,46;4.672.765,53;6.806.183,87;9.247.596,72;5.841.234,08;6.079.961;11.957.100;16.953.255;7.581.740;7.318.770
Quirinópolis;Financiamentos à Pecuária - Custeio - Valor (R$);40.050.431,77;47753187,25;40.858.208,24;47.359.004,07;47.718.477,07;44.206.889,06;52.159.120;76.640.577;55.966.602;16.422.670;78.325.100
Rialma;Financiamentos à Pecuária - Custeio - Valor (R$);1.580.619,30;1740894,21;886.951,80;3.300.936,36;3.951.483,76;3.468.571,89;7.683.467;8.539.570;14.597.514;897.480;10.333.960
Rianápolis;Financiamentos à Pecuária - Custeio - Valor (R$);870.317,33;1073132,12;1.868.798,50;2.869.559,37;3.542.408,41;5.129.294,28;2.651.917;11.984.432;4.437.006;1.178.548;8.390.640
Rio Quente;Financiamentos à Pecuária - Custeio - Valor (R$);2.750.633,43;2183212,39;2.549.749,70;2.549.822,99;1.847.145,78;4.184.015,48;2.042.978;3.291.394;5.623.587;2.555.780;6.919.590
Rio Verde;Financiamentos à Pecuária - Custeio - Valor (R$);108.252.438,54;125589830;136.432.301,03;140.120.902,29;133.173.528,04;120.917.642,35;153.242.575;221.096.188;232.466.584;46.508.293;235.236.191
Rubiataba;Financiamentos à Pecuária - Custeio - Valor (R$);12.623.836,47;14359792,94;12.944.330,13;13.661.460,55;16.291.023,34;22.390.013,40;25.336.019;34.710.144;39.648.505;4.725.996;50.870.321
Sanclerlândia;Financiamentos à Pecuária - Custeio - Valor (R$);12.159.577,00;12729837,3;14.573.715,06;12.360.293,33;17.342.594,80;15.495.363,39;17.209.238;30.607.253;40.230.716;6.642.968;46.615.790
Santa Bárbara de Goiás;Financiamentos à Pecuária - Custeio - Valor (R$);2.830.723,39;3257603,77;4.482.511,59;5.198.712,15;5.421.086,68;897.050,98;3.712.175;7.251.689;3.416.284;2.500.000;6.566.296
Santa Cruz de Goiás;Financiamentos à Pecuária - Custeio - Valor (R$);7.942.850,71;6355088,98;8.206.141,57;10.462.506,06;13.128.491,86;13.185.176,76;15.092.645;19.383.514;20.425.097;8.117.196;38.270.874
Santa Fé de Goiás;Financiamentos à Pecuária - Custeio - Valor (R$);9.495.969,20;7364087,85;6.336.325,15;7.898.660,46;7.571.314,83;15.691.196,86;12.888.783;22.422.992;23.367.492;7.106.120;28.045.693
Santa Helena de Goiás;Financiamentos à Pecuária - Custeio - Valor (R$);30.098.797,33;34572314,01;48.785.556,29;34.893.689,04;25.907.258,37;45.528.083,85;62.875.627;76.361.190;99.335.474;41.602.040;25.813.299
Santa Isabel;Financiamentos à Pecuária - Custeio - Valor (R$);8.162.630,99;7806094,78;6.999.677,25;6.657.601,82;14.253.782,07;13.874.114,45;17.357.319;20.992.115;39.592.635;4.910.000;35.039.130
Santa Rita do Araguaia;Financiamentos à Pecuária - Custeio - Valor (R$);7.852.817,63;8301304,15;6.912.544,78;7.201.793,50;14.518.044,12;10.840.581,54;11.587.358;14.285.465;17.210.796;9.965.920;24.483.627
Santa Rita do Novo Destino;Financiamentos à Pecuária - Custeio - Valor (R$);7.202.226,79;9894593,64;9.391.095,64;9.927.855,55;10.219.952,20;10.583.327,79;16.060.465;15.181.372;25.492.227;5.766.983;24.257.962
Santa Rosa de Goiás;Financiamentos à Pecuária - Custeio - Valor (R$);1.719.349,57;2014024,6;2.635.280,46;3.217.633,13;2.692.149,60;1.352.289,08;1.513.190;3.805.033;5.575.861;1.297.773;7.180.393
Santa Tereza de Goiás;Financiamentos à Pecuária - Custeio - Valor (R$);3.248.887,55;4729986,8;7.273.146,19;7.316.815,68;9.910.180,15;10.010.338,05;13.204.826;23.936.154;27.017.113;11.856.725;14.272.763
Santa Terezinha de Goiás;Financiamentos à Pecuária - Custeio - Valor (R$);10.595.956,09;14099611,48;15.086.378,78;20.219.503,67;23.355.140,67;37.733.789,52;40.111.047;57.147.061;83.880.212;17.627.344;77.360.017
Santo Antônio da Barra;Financiamentos à Pecuária - Custeio - Valor (R$);7.763.770,35;7473910,41;5.362.251,21;4.399.505,37;3.849.692,18;7.117.478,05;5.115.803;9.284.292;2.945.276;2.973.290;9.672.832
Santo Antônio de Goiás;Financiamentos à Pecuária - Custeio - Valor (R$);955.056,88;2312187,81;2.530.715,05;2.944.612,84;5.106.331,84;4.736.024,87;2.541.508;3.735.436;6.071.822;0;3.665.234
Santo Antônio do Descoberto;Financiamentos à Pecuária - Custeio - Valor (R$);1.882.296,22;76327,66;264.170,07;530.642,55;255.690,39;155.953,71;239.779;1.022.504;1.826.961;243.000;3.242.054
São Domingos;Financiamentos à Pecuária - Custeio - Valor (R$);18.099.747,48;16576099,53;9.839.326,01;11.445.961,68;22.432.324,83;21.896.265,96;28.001.057;34.606.503;39.944.621;4.346.798;52.493.195
São Francisco de Goiás;Financiamentos à Pecuária - Custeio - Valor (R$);4.159.504,14;5298668,25;4.114.003,32;3.838.577,14;4.825.733,59;3.944.624,29;4.793.662;8.178.374;8.122.047;2.603.078;7.725.300
São João d'Aliança;Financiamentos à Pecuária - Custeio - Valor (R$);9.884.628,75;6118201,37;6.728.205,33;12.621.401,39;13.855.570,91;15.814.176,89;9.868.954;12.016.537;16.138.493;3.992.124;22.903.695
São João da Paraúna;Financiamentos à Pecuária - Custeio - Valor (R$);3.053.544,80;2560106,62;2.814.522,46;1.271.537,19;2.890.347,11;3.588.349,10;3.641.957;10.613.045;5.937.406;1.585.156;6.341.515
São Luis de Montes Belos;Financiamentos à Pecuária - Custeio - Valor (R$);12.758.862,42;14423140,64;13.086.593,49;19.967.088,99;20.528.834,34;20.381.809,56;34.750.639;42.240.892;67.261.947;18.630.404;71.088.639
São Luiz do Norte;Financiamentos à Pecuária - Custeio - Valor (R$);1.518.112,61;2338167,9;2.759.128,18;4.476.202,81;5.318.780,68;5.885.140,82;1.501.675;9.456.395;1.975.988;1.828.700;2.056.099
São Miguel do Araguaia;Financiamentos à Pecuária - Custeio - Valor (R$);61.259.082,69;65970930,65;59.109.206,05;64.965.603,35;77.669.488,42;74.461.143,79;98.153.921;167.094.043;138.717.629;49.364.603;153.204.911
São Miguel do Passa Quatro;Financiamentos à Pecuária - Custeio - Valor (R$);6.378.611,32;6695280,48;10.199.154,53;12.001.632,61;12.594.879,10;13.165.573,53;15.279.934;15.691.878;21.753.927;11.208.324;19.690.653
São Patrício;Financiamentos à Pecuária - Custeio - Valor (R$);3.524.350,87;3731379,3;4.406.093,01;5.590.697,00;3.209.491,39;4.303.257,13;6.270.689;6.798.114;7.919.177;983.000;7.448.741
São Simão;Financiamentos à Pecuária - Custeio - Valor (R$);4.726.296,50;5268268,58;3.787.603,80;4.304.493,40;4.307.508,37;6.233.017,72;6.535.648;6.078.542;8.970.729;4.516.286;12.023.188
Senador Canedo;Financiamentos à Pecuária - Custeio - Valor (R$);851.537,22;396845,04;232.923,89;565.237,85;981.996,34;487.336,21;433.786;1.472.903;522.960;450.000;762.140
Serranópolis;Financiamentos à Pecuária - Custeio - Valor (R$);41.761.779,38;47242271,11;37.855.514,25;52.374.410,27;46.797.624,39;45.528.485,38;60.526.027;69.154.929;77.891.066;22.191.540;89.205.876
Silvânia;Financiamentos à Pecuária - Custeio - Valor (R$);14.577.906,44;19855306,05;56.387.223,26;71.997.469,01;19.820.111,69;19.650.981,79;26.816.588;25.198.315;35.766.501;8.147.711;51.611.952
Simolândia;Financiamentos à Pecuária - Custeio - Valor (R$);1.804.805,88;1958697,42;2.807.508,64;3.944.480,61;5.425.415,15;3.899.388,42;6.000.203;9.378.036;11.645.278;7.236.835;27.589.396
Sítio d'Abadia;Financiamentos à Pecuária - Custeio - Valor (R$);4.847.042,92;3774566,76;2.240.177,43;3.367.536,41;6.241.913,19;9.785.152,32;13.018.776;23.398.730;22.550.734;10.808.628;26.532.844
Taquaral de Goiás;Financiamentos à Pecuária - Custeio - Valor (R$);2.217.934,70;2737577,29;6.046.136,99;2.566.381,41;3.282.095,63;2.756.834,21;4.643.174;4.185.845;7.524.265;7.403.000;8.071.080
Teresina de Goiás;Financiamentos à Pecuária - Custeio - Valor (R$);449.074,06;460299,78;134.618,41;427.410,07;27.952,36;235.823,92;447.106;88.571;-;0;698.983
Terezópolis de Goiás;Financiamentos à Pecuária - Custeio - Valor (R$);1.362.398,77;1097511,47;858.801,69;881.609,70;1.340.689,63;1.935.726,75;998.583;1.058.009;500.000;749.000;2.458.231
Três Ranchos;Financiamentos à Pecuária - Custeio - Valor (R$);1.002.407,42;1056260,36;1.342.797,92;1.380.597,99;1.572.321,18;2.363.778,74;3.039.339;5.026.840;4.128.061;600.000;4.628.826
Trindade;Financiamentos à Pecuária - Custeio - Valor (R$);7.541.091,33;7318366,32;6.120.462,37;7.757.403,32;10.621.748,99;10.739.321,82;8.251.030;6.934.318;12.991.593;1.895.200;17.851.043
Trombas;Financiamentos à Pecuária - Custeio - Valor (R$);4.042.654,83;5261795,44;6.403.925,14;7.437.306,89;4.940.757,89;7.480.648,80;14.529.936;27.171.525;27.708.980;16.077.427;33.749.483
Turvânia;Financiamentos à Pecuária - Custeio - Valor (R$);7.593.405,21;8321198,1;6.564.576,29;5.175.822,00;10.726.494,09;5.562.276,52;6.704.418;7.698.744;13.438.810;2.495.762;12.139.484
Turvelândia;Financiamentos à Pecuária - Custeio - Valor (R$);4.141.660,85;2619952,37;1.983.993,90;1.757.892,72;9.270.338,37;4.131.989,81;502.203;6.233.762;1.767.184;3.300.000;3.970.000
Uirapuru;Financiamentos à Pecuária - Custeio - Valor (R$);7.130.342,45;5537392,34;6.523.214,14;6.662.906,78;6.500.576,51;7.873.511,22;13.881.079;26.182.013;33.411.919;7.551.710;57.726.188
Uruaçu;Financiamentos à Pecuária - Custeio - Valor (R$);12.704.841,89;11600182,01;16.313.913,87;16.544.174,63;19.296.898,66;24.371.897,44;23.241.192;46.192.712;60.125.039;12.479.470;53.929.347
Uruana;Financiamentos à Pecuária - Custeio - Valor (R$);7.906.344,78;11817019,55;12.567.407,60;12.637.658,82;13.478.135,55;14.771.588,78;12.596.215;17.008.809;17.937.538;4.561.629;21.100.843
Urutaí;Financiamentos à Pecuária - Custeio - Valor (R$);2.565.488,47;2704179,54;3.932.127,26;4.449.265,72;3.842.752,70;6.017.320,17;4.819.386;11.492.672;8.669.702;2.571.598;12.552.934
Valparaíso de Goiás;Financiamentos à Pecuária - Custeio - Valor (R$);-;-;-;-; - ;0;-;-;-;-;-
Varjão;Financiamentos à Pecuária - Custeio - Valor (R$);3506261,86;3852021,39;8.312.253,27;9.184.283;11.032.039,98;9.437.616,94;11.671.091;10.338.413;23.035.933;9.707.600;28.012.674
Vianópolis;Financiamentos à Pecuária - Custeio - Valor (R$);9355451,55;12963762,82;13.994.333,05;16.144.082;17.207.682,88;17.047.118,92;19.104.332;26.534.619;43.030.581;8.827.875;40.617.903
Vicentinópolis;Financiamentos à Pecuária - Custeio - Valor (R$);4994404,05;7306736,14;14.474.966,13;13.629.306;7.231.331,73;5.135.019,17;5.913.418;6.922.190;7.807.999;1.000.000;3.895.262
Vila Boa;Financiamentos à Pecuária - Custeio - Valor (R$);4930327,41;5571330,3;3.085.272,95;3.763.808;3.867.737,17;5.645.314,24;6.757.090;11.578.430;6.332.726;500.000;13.403.336
Vila Propício;Financiamentos à Pecuária - Custeio - Valor (R$);9413757,86;12197321,13;13.937.851,20;15.098.799;17.499.792,35;16.534.576,26;18.899.694;30.594.365;24.282.151;7.189.584;31.826.422
